{
  "C:\\sb-fsts\\sb-fsts\\data\\docs\\투자 전략.txt": {
    "mtime": 1762174943.2561164,
    "chunk_ids": [
      "ca8aecb60a1cc637f11d0b2ead680e8a2f36a43e0b7eb32dbb2b5fc4321e3a43#0"
    ]
  },
  "C:\\sb-fsts\\sb-fsts\\data\\docs\\투자 전략2.txt": {
    "mtime": 1762177453.5696554,
    "chunk_ids": [
      "42b1a284da5fdde52ced59342697634eef86838de2c631b705c4d8829d2f515f#1"
    ]
  }
}